Source,Target,Type,Id,Label,Weight,shared_publications
70vJVxcAAAAJ,v7EjGHkAAAAJ,Undirected,78709,,1,['Distributed learning with sublinear communication']
TIGS4c8AAAAJ,I-rKkyEAAAAJ,Undirected,78710,,1,['Models and Methodologies']
TIGS4c8AAAAJ,Ormag-QAAAAJ,Undirected,78711,,1,['Correction to']
TIGS4c8AAAAJ,FsBCAfgAAAAJ,Undirected,78712,,2,"['37th International Symposium on Distributed Computing (DISC 2023)', 'Distributed computing meets game theory: combining insights from two fields']"
TIGS4c8AAAAJ,0zrqo3B-66wC,Undirected,78713,,1,['Models and Methodologies']
XuQW7ogAAAAJ,oBldxf0AAAAJ,Undirected,78714,,1,"[""Who's Waldo? Linking People Across Text and Images""]"
XuQW7ogAAAAJ,ex9BQiIAAAAJ,Undirected,78715,,1,['When in Doubt: Improving Classification Performance with Alternating Normalization']
XuQW7ogAAAAJ,5lB_d78AAAAJ,Undirected,78716,,2,"['Time Your Rewards: Learning Temporally Consistent Rewards from a Single Video Demonstration', 'Imitation Learning from a Single Temporally Misaligned Video']"
XuQW7ogAAAAJ,8RVWMycAAAAJ,Undirected,78717,,2,"['Wav2seq: Pre-training speech-to-text encoder-decoder models using pseudo languages', 'Performance-efficiency trade-offs in unsupervised pre-training for speech recognition']"
oBldxf0AAAAJ,TpglobcAAAAJ,Undirected,78718,,4,"['Doppelgangers: Learning to disambiguate images of similar structures', 'Doppelgangers: Learning to Disambiguate Images of Similar Structures Supplemental Material', 'Extreme rotation estimation using dense correlation volumes', 'Learning gradient fields for shape generation']"
jNQlAkoAAAAJ,kjYhZYwAAAAJ,Undirected,78719,,1,['Voice assistant strategies and opportunities for people with tetraplegia']
jNQlAkoAAAAJ,IeqjwlIAAAAJ,Undirected,78720,,1,['Measuring and understanding online reading behaviors of people with dyslexia']
jNQlAkoAAAAJ,ESJILIEAAAAJ,Undirected,78721,,2,"['Exploring Human-Drone Collaboration Through Contact Improvisation', 'A drone teacher: Designing physical human-drone interactions for movement instruction']"
Rh16nsIAAAAJ,I-rKkyEAAAAJ,Undirected,78722,,1,['Computer science chairs']
Rh16nsIAAAAJ,e1iAhHQAAAAJ,Undirected,78723,,1,['DeepSemanticHPPC: Hypothesis-based planning over uncertain semantic point clouds']
Rh16nsIAAAAJ,ex9BQiIAAAAJ,Undirected,78724,,1,['Computer science chairs']
Rh16nsIAAAAJ,TpglobcAAAAJ,Undirected,78725,,14,"['Field-guide-inspired zero-shot learning', 'PiCIE: Unsupervised Semantic Segmentation using Invariance and Equivariance in Clustering‚ÄìSupplementary Materials', 'Machine learning (ML) for tracking fashion trends: Documenting the frequency of the baseball cap on social media and the runway', 'Zero-shot learning using multimodal descriptions', 'Change-aware sampling and contrastive learning for satellite images', 'Change event dataset for discovery from spatio-temporal remote sensing imagery', 'DiSciPLE: Learning Interpretable Programs for Scientific Visual Discovery', 'AllClear: A Comprehensive Dataset and Benchmark for Cloud Removal in Satellite Imagery', 'Scale-Aware Recognition in Satellite Images under Resource Constraints', 'Activation Regression for Continuous Domain Generalization with Applications to Crop Classification', 'Geostyle: Discovering fashion trends and events', 'Remote sensing vision-language foundation models without annotations via ground remote alignment', 'Picie: Unsupervised semantic segmentation using invariance and equivariance in clustering', 'DiSciPLE: Learning Interpretable Programs for Scientific Discovery']"
Rh16nsIAAAAJ,VrgmnEcAAAAJ,Undirected,78726,,1,['Interactive consensus agreement games for labeling images']
Rh16nsIAAAAJ,4Z6vo5QAAAAJ,Undirected,78727,,1,['Deep manifold traversal: Changing labels with convolutional features']
Rh16nsIAAAAJ,llo3F3QAAAAJ,Undirected,78728,,10,"['A radiative transfer framework for rendering materials with anisotropic structure', 'Matching Real Fabrics with Micro-Appearance Models.', 'State of the art in monte carlo global illumination', 'State of the art in Monte Carlo Global Illumination Course Notes', 'Reconstructing translucent objects using differentiable rendering', 'Fast rendering of fabric micro-appearance models under directional and spherical gaussian lights', 'Building volumetric appearance models of fabric using micro CT imaging', 'A radiative transfer framework for rendering materials with anisotropic structure: Expanded Technical Report', 'Noise derivatives Two Swiss bankers, Curdin Dalbert and have developed a system of Aircraft Noise Derivatives, to allow, for example, property purchasers to hedge against ‚Ä¶', 'Structure-aware synthesis for predictive woven fabric appearance']"
Rh16nsIAAAAJ,8RVWMycAAAAJ,Undirected,78729,,2,"['Deep manifold traversal: Changing labels with convolutional features', 'Deep feature interpolation for image content changes']"
_kqpoHIAAAAJ,MIg7a1F-1yMC,Undirected,78730,,3,"['Online team formation under different synergies', 'Fair and Efficient Allocation with Quotas', 'Allocating with Priorities and Quotas: Algorithms, Complexity, and Dynamics']"
_kqpoHIAAAAJ,FsBCAfgAAAAJ,Undirected,78731,,1,['Always Asking for Labels is Optimal (in a well-studied setting)']
_kqpoHIAAAAJ,5tk1PV8AAAAJ,Undirected,78732,,1,['Unbounded human learning: Optimal scheduling for spaced repetition']
_kqpoHIAAAAJ,VX7d5EQAAAAJ,Undirected,78733,,2,"['Dynamic interventions for networked contagions', 'Optimal Resource Allocation for Remediating Networked Contagions']"
_kqpoHIAAAAJ,zkvW8FQAAAAJ,Undirected,78734,,1,"['Threshold tests as quality signals: optimal strategies, equilibria, and price of anarchy']"
UGDVOZgAAAAJ,0zrqo3B-66wC,Undirected,78735,,1,['Program Co-Chairs']
X1zsXTgAAAAJ,ZocLOAMAAAAJ,Undirected,78736,,1,['Inferring human intent and predicting human action in human‚Äìrobot collaboration']
X1zsXTgAAAAJ,pfBh4zEAAAAJ,Undirected,78737,,1,['Human-robot commensality: Bite timing prediction for robot-assisted feeding in groups']
04TuVhEAAAAJ,4Z6vo5QAAAAJ,Undirected,78738,,10,"['Uncovering the small community structure in large networks: A local spectral approach', 'Krylov subspace approximation for local community detection', 'Detecting overlapping communities from local spectral subspaces', 'Local spectral clustering for overlapping community detection', 'FINDING OVERLAPPING COMMUNITIES FROM SUBSPACES', 'Local spectral diffusion for robust community detection', 'Locally-biased spectral approximation for community detection', 'Krylov subspace approximation for local community detection in large networks', 'Overlapping community detection via local spectral clustering', 'Local Lanczos spectral approximation for community detection']"
04TuVhEAAAAJ,HsfKE0sAAAAJ,Undirected,78739,,1,['Bean: A Language for Backward Error Analysis']
04TuVhEAAAAJ,VX7d5EQAAAAJ,Undirected,78740,,1,['How bad is forming your own opinion?']
04TuVhEAAAAJ,uBFV6SUAAAAJ,Undirected,78741,,7,"['Prior-aware composition inference for spectral topic models', 'From correlation to hierarchy: Practical topic modeling via spectral inference', 'Robust Spectral Inference for Joint Stochastic Matrix Factorization (Supplementary Material)', 'On-the-Fly Rectification for Robust Large-Vocabulary Topic Inference', 'Robust spectral inference for joint stochastic matrix factorization', 'Prior-aware dual decomposition: Document-specific topic inference for spectral topic models', 'Practical correlated topic modeling and analysis via the rectified anchor word algorithm']"
04TuVhEAAAAJ,8RVWMycAAAAJ,Undirected,78742,,1,['Gpytorch: Blackbox matrix-matrix gaussian process inference with gpu acceleration']
04TuVhEAAAAJ,0zrqo3B-66wC,Undirected,78743,,2,"['Oceanstore: An extremely wide-area storage system', 'Oceanstore: An architecture for global-scale persistent storage']"
I-rKkyEAAAAJ,ex9BQiIAAAAJ,Undirected,78744,,1,['Computer science chairs']
I-rKkyEAAAAJ,v7EjGHkAAAAJ,Undirected,78745,,1,['Cloud-hosted intelligence for real-time IoT applications']
I-rKkyEAAAAJ,AH5j40kAAAAJ,Undirected,78746,,3,"['Compositional Gossip Protocols for Infrastructure Management', 'Software Defined Networks and Gossip Protocols', 'A Pairwise Abstraction for Round-Based Protocols']"
I-rKkyEAAAAJ,Ormag-QAAAAJ,Undirected,78747,,1,"['Engineering: Cornell Quarterly, Vol. 20, No. 2 (Autumn 1985): Twenty Years of Computer Science at Cornell']"
I-rKkyEAAAAJ,TpglobcAAAAJ,Undirected,78748,,1,['Cloud-hosted intelligence for real-time IoT applications']
I-rKkyEAAAAJ,zkvW8FQAAAAJ,Undirected,78749,,3,"['Building a secure and privacy-preserving smart grid', 'A Private Framework for Distributed Computation', 'Anonymous, fault-tolerant distributed queries for smart devices']"
I-rKkyEAAAAJ,0zrqo3B-66wC,Undirected,78750,,16,"['Integrated approach to data center power management', 'Models and Methodologies', 'X1: Commodity Clusters with Real-Time Reflexes', 'The nebula future internet architecture', 'Router Reliability Research (R3)', 'Instrumentation for exact packet timings in networks', 'Exact temporal characterization of 10 Gbps optical wide-area network', 'Maelstrom: Transparent Error Correction for Lambda Networks.', 'Optimizing Power Consumption in Large Scale Storage Systems.', 'Beyond power proportionality: Designing power-lean cloud storage', 'Empirical characterization of uncongested optical lambda networks and 10gbe commodity endpoints', 'Maelstrom: transparent error correction for communication between data centers', 'The NEBULA Future Internet Architecture', 'Smoke and Mirrors: Reflecting Files at a Geographically Remote Location Without Loss of Performance.', 'A brief overview of the NEBULA future internet architecture', 'Empirical Characterization of Uncongested Lambda Networks and 10GbE Commodity Endpoints']"
vQrFgocAAAAJ,0et-ZhgAAAAJ,Undirected,78751,,1,['ENCAPP: elastic-net-based prognosis prediction and biomarker discovery for human cancers']
e1iAhHQAAAAJ,TpglobcAAAAJ,Undirected,78752,,24,"['Pre-training lidar-based 3d object detectors through colorization', 'Supplementary Material: Wasserstein Distances for Stereo Disparity Estimation', 'Mixed Signals: A Diverse Point Cloud Dataset for Heterogeneous LiDAR V2X Collaboration', 'Pseudo-lidar++: Accurate depth for 3d object detection in autonomous driving', 'Ithaca365: Dataset and driving perception under repeated and challenging weather conditions', 'Exploiting playbacks in unsupervised domain adaptation for 3D object detection', ""Learning 3D Perception from Others' Predictions"", 'Supplementary Material: Train in Germany, Test in The USA: Making 3D Object Detectors Generalize', 'Reward finetuning for faster and more accurate unsupervised object discovery', 'Image-to-image translation for autonomous driving from coarsely-aligned image pairs', 'Supplementary Material: Pseudo-LiDAR from Visual Depth Estimation: Bridging the Gap in 3D Object Detection for Autonomous Driving', 'Pseudo-lidar from visual depth estimation: Bridging the gap in 3d object detection for autonomous driving', 'End-to-end pseudo-lidar for image-based 3d object detection', 'Orientation-Discriminative Feature Representation for Decentralized Pedestrian Tracking', 'Better monocular 3d detectors with lidar from the past', 'Unsupervised Domain Adaptation for Self-Driving from Past Traversal Features', 'Diffubox: Refining 3d object detection with point diffusion', 'Wasserstein distances for stereo disparity estimation', 'Exploiting playbacks in unsupervised domain adaptation for 3d object detection in self-driving cars', 'Unsupervised adaptation from repeated traversals for autonomous driving', 'Train in germany, test in the usa: Making 3d object detectors generalize', 'Learning to detect mobile objects from lidar scans without labels', 'Transfer Your Perspective: Controllable 3D Generation from Any Viewpoint in a Driving Scene', 'Hindsight is 20/20: Leveraging past traversals to aid 3d perception']"
e1iAhHQAAAAJ,duOys3YAAAAJ,Undirected,78753,,32,"['Minimal Coordinate Formulation of Contact Dynamics in Operational Space', 'Probabilistic Temporal Logic for Motion Planning with Resource Threshold Constraints', 'Visual Route Recognition with a Handful of Bits', 'Experimental Evaluation and Formal Analysis of High‚ÄêLevel Tasks with Dynamic Obstacle Anticipation on a Full‚ÄêSized Autonomous Vehicle', 'Execution and analysis of high-level tasks with dynamic obstacle anticipation', 'Reducing Conservativeness in Safety Guarantees by Learning Disturbances Online: Iterated Guaranteed Safe Online Learning', 'Optimal Control with Weighted Average Costs and Temporal Logic Specifications', 'Towards A Swarm of Agile Micro Quadrotors', 'Development of a Testbed for Robotic Neuromuscular Controllers', 'Robust Object Grasping Using Force Compliant Motion Primitives', 'An integrated system for perception-driven autonomy with modular robots', 'Real-Time Inverse Dynamics Learning for Musculoskeletal Robots Based on Echo State Gaussian Process Regression', 'Robust Navigation Execution by Planning in Belief Space', 'On Stochastic Optimal Control and Reinforcement Learning by Approximate Inference', 'Experiments with Balancing on Irregular Terrains using the Dreamer Mobile Humanoid Robot.', 'Affine Trajectory Deformation for Redundant Manipulators', 'Feature-based prediction of trajectories for socially compliant navigation', 'Distributed, collaborative human-robotic networks for outdoor experiments in search, identify and track', 'Contextual Sequence Prediction with Application to Control Library Optimization', 'Inference on Networks of Mixtures for Robust Robot Mapping', 'E-Graphs: Bootstrapping Planning with Experience Graphs', 'Efficiently Finding Optimal Winding-Constrained Loops in the Plane', 'Variational Bayesian optimization for runtime risk-sensitive control', 'Time-Optimal Trajectory Generation for Path Following with Bounded Acceleration and Velocity', 'Perception-informed autonomous environment augmentation with modular robots', 'Towards Persistent Localization and Mapping with a Continuous Appearance-Based Topology', 'Hierarchical Motion Planning in Topological Representations', 'Exploiting passive dynamics with variable stiffness actuation in robot brachiation', ""What's in the Bag: A Distributed Approach to 3D Shape Duplication with Modular Robots"", 'Nonparametric Bayesian Models for Unsupervised Scene Analysis and Reconstruction', 'Failure Anticipation in Pursuit-Evasion', 'FFT-Based Terrain Segmentation for Underwater Mapping']"
e1iAhHQAAAAJ,ovlpa_IAAAAJ,Undirected,78754,,3,"['Videos of demo of self-driving robot with map verification', 'Secure autonomous cyber-physical systems through verifiable information flow control', 'Path planning under malicious injections and removals of perceived obstacles: A probabilistic programming approach']"
e1iAhHQAAAAJ,8RVWMycAAAAJ,Undirected,78755,,28,"['Anytime stereo image depth estimation on mobile devices', 'Revisiting meta-learning as supervised learning', 'Pre-training lidar-based 3d object detectors through colorization', 'A Meta Understanding of Meta-Learning', 'Vision-only 3d tracking for self-driving cars', 'Supplementary Material: Wasserstein Distances for Stereo Disparity Estimation', 'Deep person re-identification for probabilistic data association in multiple pedestrian tracking', 'Mixed Signals: A Diverse Point Cloud Dataset for Heterogeneous LiDAR V2X Collaboration', 'Pseudo-lidar++: Accurate depth for 3d object detection in autonomous driving', 'Ithaca365: Dataset and driving perception under repeated and challenging weather conditions', 'Exploiting playbacks in unsupervised domain adaptation for 3D object detection', ""Learning 3D Perception from Others' Predictions"", 'Supplementary Material: Train in Germany, Test in The USA: Making 3D Object Detectors Generalize', 'Reward finetuning for faster and more accurate unsupervised object discovery', 'Image-to-image translation for autonomous driving from coarsely-aligned image pairs', 'Supplementary Material: Pseudo-LiDAR from Visual Depth Estimation: Bridging the Gap in 3D Object Detection for Autonomous Driving', 'Pseudo-lidar from visual depth estimation: Bridging the gap in 3d object detection for autonomous driving', 'End-to-end pseudo-lidar for image-based 3d object detection', 'Better monocular 3d detectors with lidar from the past', 'Unsupervised Domain Adaptation for Self-Driving from Past Traversal Features', 'Diffubox: Refining 3d object detection with point diffusion', 'Wasserstein distances for stereo disparity estimation', 'Exploiting playbacks in unsupervised domain adaptation for 3d object detection in self-driving cars', 'Unsupervised adaptation from repeated traversals for autonomous driving', 'Train in germany, test in the usa: Making 3d object detectors generalize', 'Learning to detect mobile objects from lidar scans without labels', 'Transfer Your Perspective: Controllable 3D Generation from Any Viewpoint in a Driving Scene', 'Hindsight is 20/20: Leveraging past traversals to aid 3d perception']"
ex9BQiIAAAAJ,w72MSFoAAAAJ,Undirected,78756,,1,['Wildhallucinations: Evaluating long-form factuality in llms with real-world entity queries']
ex9BQiIAAAAJ,TpglobcAAAAJ,Undirected,78757,,4,"['The fashionpedia ontology and fashion segmentation dataset', 'Fashionpedia: Ontology, segmentation, and an attribute localization dataset', 'Fashionpedia: Ontology, Segmentation, and an Attribute Localization Dataset', 'Visual prompt tuning']"
ex9BQiIAAAAJ,zkvW8FQAAAAJ,Undirected,78758,,1,['A measure of polarization on social media networks based on community boundaries']
ex9BQiIAAAAJ,oJESe-cAAAAJ,Undirected,78759,,2,"['Opinion mining and sentiment analysis', 'The power of negative thinking: Exploiting label disagreement in the min-cut classification framework']"
ex9BQiIAAAAJ,6c5cf1wAAAAJ,Undirected,78760,,1,['Graduate Study in Information Science at Cornell University']
ex9BQiIAAAAJ,8RVWMycAAAAJ,Undirected,78761,,1,['Adversarial deep averaging networks for cross-lingual sentiment classification']
5lB_d78AAAAJ,SVIdh6AAAAAJ,Undirected,78762,,1,['Publication Submission Form']
5lB_d78AAAAJ,6c5cf1wAAAAJ,Undirected,78763,,1,['Publication Submission Form']
-pyztDMAAAAJ,3_WYcR4AAAAJ,Undirected,78764,,4,"['Leveraging multi-modal sensing for mobile health: a case review in chronic pain', 'A call for open data to develop mental health digital biomarkers', 'Understanding Mental Health Clinicians‚Äô Perceptions and Concerns Regarding Using Passive Patient-Generated Health Data for Clinical Decision-Making: Qualitative Semistructured ‚Ä¶', 'Beyond Detection: Towards Actionable Sensing Research in Clinical Mental Healthcare']"
-pyztDMAAAAJ,PxZT1sgAAAAJ,Undirected,78765,,4,"['Regulating feelings during interpersonal conflicts by changing voice self-perception', 'EmotionCheck: leveraging bodily signals and false feedback to regulate our emotions', 'EmotionCheck: A wearable device to regulate anxiety through false heart rate feedback', 'Boostmeup: Improving cognitive performance in the moment by unobtrusively regulating emotions with a smartwatch']"
-pyztDMAAAAJ,pfBh4zEAAAAJ,Undirected,78766,,4,"['Regulating feelings during interpersonal conflicts by changing voice self-perception', 'Mindless computing: designing technologies to subtly influence behavior', 'EmotionCheck: leveraging bodily signals and false feedback to regulate our emotions', 'Mindless technologies to subtly influence behavior']"
-pyztDMAAAAJ,CO4txjAAAAAJ,Undirected,78767,,4,"['8ùë°‚Ñé International Workshop on Mental Health and Well-being: Sensing and Intervention', 'Equity-driven sensing system for measuring skin tone‚Äìcalibrated peripheral blood oxygen saturation (optobeat): development, design, and evaluation study', '8th International Workshop on Mental Health and Well-being: Sensing and Intervention', '6th International Workshop on Mental Health and Well-Being: Sensing and Intervention']"
VqOc5C8AAAAJ,v7EjGHkAAAAJ,Undirected,78768,,1,['STAT: Shrinking Transformers After Training']
njczUPMAAAAJ,VX7d5EQAAAAJ,Undirected,78769,,3,"['Characterizing and curating conversation threads: expansion, focus, volume, re-entry', 'Competition and selection among conventions', 'You had me at hello: How phrasing affects memorability']"
njczUPMAAAAJ,oJESe-cAAAAJ,Undirected,78770,,8,"['Tie-breaker: Using language models to quantify gender bias in sports journalism', 'Chameleons in imagined conversations: A new approach to understanding coordination of linguistic style in dialogs', 'Winning Arguments: Interaction Dynamics and Persuasion Strategies in Good-faith Online Discussions', 'For the sake of simplicity: Unsupervised extraction of lexical simplifications from Wikipedia', 'Taking a turn for the better: Conversation redirection throughout the course of mental-health therapy', 'Hedge detection as a lens on framing in the GMO debates: A position paper', 'When confidence and competence collide: Effects on online decision-making discussions', 'You had me at hello: How phrasing affects memorability']"
-Gp8ghkAAAAJ,llo3F3QAAAAJ,Undirected,78771,,1,['Head-mounted Augmented Reality for Guided Surface Reflectance Capture']
-Gp8ghkAAAAJ,iiG9_YQAAAAJ,Undirected,78772,,1,['Personal Time-Lapse']
v7EjGHkAAAAJ,FsBCAfgAAAAJ,Undirected,78773,,1,['Inference for probabilistic dependency graphs']
v7EjGHkAAAAJ,TpglobcAAAAJ,Undirected,78774,,2,"['Cloud-hosted intelligence for real-time IoT applications', 'Neural caches for Monte Carlo partial differential equation solvers']"
v7EjGHkAAAAJ,5tk1PV8AAAAJ,Undirected,78775,,1,['Cost-sensitive learning via deep policy erm']
v7EjGHkAAAAJ,VX7d5EQAAAAJ,Undirected,78776,,3,"['Arbitrariness and Prediction: The Confounding Role of Variance in Fair Classification', 'Arbitrariness and social prediction: The confounding role of variance in fair classification', 'Is My Prediction Arbitrary? Confounding Effects of Variance in Fair Classification']"
v7EjGHkAAAAJ,RY_t8XAAAAAJ,Undirected,78777,,5,"['Quip: 2-bit quantization of large language models with guarantees', 'Diffusion Models With Learned Adaptive Noise Processes', 'Infodiffusion: Representation learning using information maximizing diffusion models', 'Diffusion models with learned adaptive noise', 'Quip#: Even better llm quantization with hadamard incoherence and lattice codebooks']"
v7EjGHkAAAAJ,llo3F3QAAAAJ,Undirected,78778,,1,['Neural caches for Monte Carlo partial differential equation solvers']
v7EjGHkAAAAJ,uBFV6SUAAAAJ,Undirected,78779,,2,"['Report of the 1st Workshop on Generative AI and Law', ""Tecnologica cosa: Modeling Storyteller Personalities in Boccaccio's Decameron""]"
v7EjGHkAAAAJ,8RVWMycAAAAJ,Undirected,78780,,1,['Low-precision reinforcement learning: running soft actor-critic in half precision']
Ddfev5kAAAAJ,FsBCAfgAAAAJ,Undirected,78781,,4,"['The evolution of cognitive mechanisms in response to cultural innovations', 'General cognitive principles for learning structure in time and space', 'The bottleneck may be the solution, not the problem', 'View metadata, citation and similar papers at core. ac. uk']"
3_WYcR4AAAAJ,AH5j40kAAAAJ,Undirected,78782,,1,['Ancile: Enhancing privacy for ubiquitous computing with use-based privacy']
3_WYcR4AAAAJ,FsBCAfgAAAAJ,Undirected,78783,,1,['The magazine archive includes every article published in Communications of the ACM for over the past 50 years.']
3_WYcR4AAAAJ,VrgmnEcAAAAJ,Undirected,78784,,1,['The magazine archive includes every article published in Communications of the ACM for over the past 50 years.']
3_WYcR4AAAAJ,5tk1PV8AAAAJ,Undirected,78785,,1,['Data Science for Processing Networks']
3_WYcR4AAAAJ,kjYhZYwAAAAJ,Undirected,78786,,1,['Designing extended reality guidance for physical caregiving tasks']
3_WYcR4AAAAJ,uf0D-uoAAAAJ,Undirected,78787,,2,"['Reassembling our digital selves', 'Winter 2016: The Internet The']"
3_WYcR4AAAAJ,VX7d5EQAAAAJ,Undirected,78788,,1,['The magazine archive includes every article published in Communications of the ACM for over the past 50 years.']
3_WYcR4AAAAJ,IeqjwlIAAAAJ,Undirected,78789,,4,"['DO NOT share--Under Peer Review', 'How intention informed recommendations modulate choices: A field study of spoken word content', 'Immersive recommendation: News and event recommendations using personal digital traces', 'More than just words: Modeling non-textual characteristics of podcasts']"
3_WYcR4AAAAJ,Iiut4KYAAAAJ,Undirected,78790,,1,['CCC Workshop on Computer Science and Global Development']
3_WYcR4AAAAJ,HbFGylgAAAAJ,Undirected,78791,,9,"['The impact of data aggregation in wireless sensor networks', 'Modelling data-centric routing in wireless sensor networks', 'Large-scale network discovery: Design tradeoffs in wireless sensor systems', 'Publicity Co-chair', 'Complex behavior at scale: An experimental study of low-power wireless sensor networks', 'An empirical study of epidemic algorithms in large scale multihop wireless networks', 'An Empirical Study of Epidemic Algorithms in Large Scale Multihop Wireless Networks Deepak Ganesan, Bhaskar Krishnamachari, Alec Woo', 'An empirical study of epidemic algorithms in large scale multihop', 'The magazine archive includes every article published in Communications of the ACM for over the past 50 years.']"
AH5j40kAAAAJ,HsfKE0sAAAAJ,Undirected,78792,,2,"['Scalable verification of probabilistic networks', 'Guarded Kleene algebra with tests: verification of uninterpreted programs in nearly linear time']"
AH5j40kAAAAJ,zkvW8FQAAAAJ,Undirected,78793,,6,"['YATES: Rapid prototyping for traffic engineering systems', '{Semi-oblivious} traffic engineering: The road not taken', 'Managing the network with merlin', 'Merlin: programming the big switch', 'Merlin: A language for managing network resources', 'YATES']"
AH5j40kAAAAJ,LV1qWjgAAAAJ,Undirected,78794,,11,"['Formal abstractions for packet scheduling', 'Cantor meets Scott: Domain-theoretic foundations for probabilistic network programming', 'A coalgebraic decision procedure for NetKAT', 'Probabilistic Program Equivalence for NetKAT', 'Scalable verification of probabilistic networks', 'Guarded Kleene algebra with tests: verification of uninterpreted programs in nearly linear time', 'Cantor meets Scott: semantic foundations for probabilistic networks', 'Concurrent NetKAT: Modeling and analyzing stateful, concurrent networks', 'Probabilistic netkat', 'NetKAT: Semantic foundations for networks', 'Guarded Kleene Algebra with Tests']"
AH5j40kAAAAJ,Dswus94AAAAJ,Undirected,78795,,1,['Leapfrog: certified equivalence for protocol parsers']
AH5j40kAAAAJ,ovlpa_IAAAAJ,Undirected,78796,,1,"['Efficient, consistent distributed computation with predictive treaties']"
AH5j40kAAAAJ,0zrqo3B-66wC,Undirected,78797,,2,"['P4FPGA', 'P4fpga: A rapid prototyping framework for p4']"
0_9V8PgAAAAJ,FsBCAfgAAAAJ,Undirected,78798,,1,['Intervention and Conditioning in Causal Bayesian Networks']
8qSK3noAAAAJ,VX7d5EQAAAAJ,Undirected,78799,,2,"['Sparse Autoencoders for Hypothesis Generation', 'Reconciling the accuracy-diversity trade-off in recommendations']"
8qSK3noAAAAJ,gzHLTVwAAAAJ,Undirected,78800,,1,['Trucks Don‚Äôt Mean Trump: Diagnosing Human Error in Image Analysis']
8qSK3noAAAAJ,udwtIesAAAAJ,Undirected,78801,,1,['Equitable Congestion Pricing under the Markovian Traffic Model: An Application to Bogota']
Ormag-QAAAAJ,FsBCAfgAAAAJ,Undirected,78802,,1,"['The Editor-in-Chief would like to thank the following colleagues who have helped maintain the standards set for a scientific journal, through their refereeing of the papers ‚Ä¶']"
Ormag-QAAAAJ,4Z6vo5QAAAAJ,Undirected,78803,,2,"['A Conversation with John E. Hopcroft', 'Dexter Kozen‚Äôs Influence on the Theory of Labelled Markov Processes']"
Ormag-QAAAAJ,LV1qWjgAAAAJ,Undirected,78804,,2,"['Supporting workflow in a course management system', 'Theory of computation']"
Ormag-QAAAAJ,ovlpa_IAAAAJ,Undirected,78805,,1,['Supporting workflow in a course management system']
PxZT1sgAAAAJ,pfBh4zEAAAAJ,Undirected,78806,,4,"['Supporting Face-to-Face Like Communication Modalities for Asynchronous Assignment Feedback in Math Education', 'Regulating feelings during interpersonal conflicts by changing voice self-perception', 'ReMotion: Supporting Remote Collaboration in Open Space with Automatic Robotic Embodiment', 'EmotionCheck: leveraging bodily signals and false feedback to regulate our emotions']"
PxZT1sgAAAAJ,llo3F3QAAAAJ,Undirected,78807,,3,"['On-the-fly print: Incremental printing while modelling', 'Weavecraft: an interactive design and simulation tool for 3D weaving.', 'Printing arbitrary meshes with a 5DOF wireframe printer']"
PxZT1sgAAAAJ,6c5cf1wAAAAJ,Undirected,78808,,1,['Design within a patriarchal society: Opportunities and challenges in designing for rural women in bangladesh']
FsBCAfgAAAAJ,VrgmnEcAAAAJ,Undirected,78809,,1,['The magazine archive includes every article published in Communications of the ACM for over the past 50 years.']
FsBCAfgAAAAJ,4Z6vo5QAAAAJ,Undirected,78810,,2,"['San Diego Orlando New York Austin Boston London Sydney Tokyo Toronto', 'Information and Computation']"
FsBCAfgAAAAJ,VX7d5EQAAAAJ,Undirected,78811,,1,['The magazine archive includes every article published in Communications of the ACM for over the past 50 years.']
FsBCAfgAAAAJ,LV1qWjgAAAAJ,Undirected,78812,,3,"['General Chair Conference Co-Chairs Publicity Chair Workshops Chair', 'San Diego Orlando New York Austin Boston London Sydney Tokyo Toronto', 'Conference Organisers']"
FsBCAfgAAAAJ,HbFGylgAAAAJ,Undirected,78813,,3,"['A decision-theoretic approach to resource allocation in wireless multimedia networks', 'The magazine archive includes every article published in Communications of the ACM for over the past 50 years.', 'Sensor-assisted ALOHA for wireless networks']"
TpglobcAAAAJ,duOys3YAAAAJ,Undirected,78814,,1,['Perceiving signs for navigation guidance in spaces designed for humans']
TpglobcAAAAJ,RY_t8XAAAAAJ,Undirected,78815,,1,['Interfering with Interference: Blind Shuffling and Superposition for Better Multi-Model Compression']
TpglobcAAAAJ,llo3F3QAAAAJ,Undirected,78816,,4,"['ObjectCarver: Semi-automatic segmentation, reconstruction and separation of 3D objects', 'Neural caches for Monte Carlo partial differential equation solvers', 'Accurate differential operators for hybrid neural fields', 'Accurate Differential Operators for Neural Fields']"
TpglobcAAAAJ,8RVWMycAAAAJ,Undirected,78817,,25,"['Pre-training lidar-based 3d object detectors through colorization', 'Supplementary Material: Wasserstein Distances for Stereo Disparity Estimation', 'Mixed Signals: A Diverse Point Cloud Dataset for Heterogeneous LiDAR V2X Collaboration', 'Pseudo-lidar++: Accurate depth for 3d object detection in autonomous driving', 'Ithaca365: Dataset and driving perception under repeated and challenging weather conditions', 'Exploiting playbacks in unsupervised domain adaptation for 3D object detection', ""Learning 3D Perception from Others' Predictions"", 'Supplementary Material: Train in Germany, Test in The USA: Making 3D Object Detectors Generalize', 'Reward finetuning for faster and more accurate unsupervised object discovery', 'Image-to-image translation for autonomous driving from coarsely-aligned image pairs', 'Supplementary Material: Pseudo-LiDAR from Visual Depth Estimation: Bridging the Gap in 3D Object Detection for Autonomous Driving', 'Pseudo-lidar from visual depth estimation: Bridging the gap in 3d object detection for autonomous driving', 'End-to-end pseudo-lidar for image-based 3d object detection', 'Better monocular 3d detectors with lidar from the past', 'Unsupervised Domain Adaptation for Self-Driving from Past Traversal Features', 'Diffubox: Refining 3d object detection with point diffusion', 'Wasserstein distances for stereo disparity estimation', 'Exploiting playbacks in unsupervised domain adaptation for 3d object detection in self-driving cars', 'Resource aware person re-identification across multiple resolutions', 'Unsupervised adaptation from repeated traversals for autonomous driving', 'Ldls: 3-d object segmentation through label diffusion from 2-d images', 'Train in germany, test in the usa: Making 3d object detectors generalize', 'Learning to detect mobile objects from lidar scans without labels', 'Transfer Your Perspective: Controllable 3D Generation from Any Viewpoint in a Driving Scene', 'Hindsight is 20/20: Leveraging past traversals to aid 3d perception']"
VrgmnEcAAAAJ,VX7d5EQAAAAJ,Undirected,78818,,1,['The magazine archive includes every article published in Communications of the ACM for over the past 50 years.']
VrgmnEcAAAAJ,HbFGylgAAAAJ,Undirected,78819,,1,['The magazine archive includes every article published in Communications of the ACM for over the past 50 years.']
ZocLOAMAAAAJ,kjYhZYwAAAAJ,Undirected,78820,,3,"['Design skills for HRI', 'Designing robots with movement in mind', 'What robots need from clothing']"
ZocLOAMAAAAJ,uf0D-uoAAAAJ,Undirected,78821,,1,['Malevolent machine learning']
ZocLOAMAAAAJ,duOys3YAAAAJ,Undirected,78822,,9,"['Timing-specified controllers with feedback for human-robot handovers', 'Nudging or waiting? automatically synthesized robot strategies for evacuating noncompliant users in an emergency situation', 'Formalizing and guaranteeing human-robot interaction', 'Verification and synthesis of human-robot interaction (Dagstuhl Seminar 19081)', 'Malevolent machine learning', 'Human-Robot Handovers with Signal Temporal Logic Specifications', 'Specifying and synthesizing human-robot handovers', 'Formalizing and Guaranteeing Human-Robot Interaction As robots begin to interact closely with humans, we need to build systems worthy of trust regarding the safety and quality ‚Ä¶', 'Designing a Soft, Mobile Interface for Multimodal Human-Robot Interaction']"
ZocLOAMAAAAJ,ESJILIEAAAAJ,Undirected,78823,,2,"['Nudging or waiting? automatically synthesized robot strategies for evacuating noncompliant users in an emergency situation', 'Designing a Soft, Mobile Interface for Multimodal Human-Robot Interaction']"
4Z6vo5QAAAAJ,5tk1PV8AAAAJ,Undirected,78824,,2,"['Error Bounds for Correlation Clustering (DRAFT)', 'Error bounds for correlation clustering']"
4Z6vo5QAAAAJ,VX7d5EQAAAAJ,Undirected,78825,,3,"['Are randomly grown graphs really random?', 'Foundations of data science', 'On learning mixtures of heavy-tailed distributions']"
4Z6vo5QAAAAJ,zkvW8FQAAAAJ,Undirected,78826,,3,"['On the structure of communities in networks', 'A separability framework for analyzing community structure', 'On the separability of structural classes of communities']"
4Z6vo5QAAAAJ,LV1qWjgAAAAJ,Undirected,78827,,6,"['Paris Toronto', 'Pushdown Automata', 'A Subsidiary of Harcourt Brace Jovanovich, Publishers New York London San Diego San Francisco S~ o Paulo Sydney Tokyo Toronto', 'EDITOR"" Albert R. Meyer ADVISORY BOARD', 'San Diego Orlando New York Austin Boston London Sydney Tokyo Toronto', 'GALLIER, JEAN H., 25']"
4Z6vo5QAAAAJ,BaArKOYAAAAJ,Undirected,78828,,1,['Einige Literaturhinweise']
4Z6vo5QAAAAJ,pJ28HA0AAAAJ,Undirected,78829,,8,"['Structure Amplification on Multi-layer Stochastic Block Models', 'Natural communities in large linked networks', 'Tracking evolving communities in large linked networks', 'Computational Sustainability: Computing for a Better World and a Sustainable Future Computer and information scientists join forces with other fields to help solve societal and ‚Ä¶', 'Computational Sustainability', 'Computational sustainability: Computing for a better world and a sustainable future', 'Hidden community detection on two-layer stochastic models: A theoretical perspective', 'The Natural Communities Algorithm for Tracking the Evolution of Large Networks']"
4Z6vo5QAAAAJ,8RVWMycAAAAJ,Undirected,78830,,3,"['Deep manifold traversal: Changing labels with convolutional features', 'Snapshot ensembles: Train 1, get m for free', 'Snapshot ensembles: Train 1, get m for free. arXiv 2017']"
HsfKE0sAAAAJ,LV1qWjgAAAAJ,Undirected,78831,,2,"['Scalable verification of probabilistic networks', 'Guarded Kleene algebra with tests: verification of uninterpreted programs in nearly linear time']"
5tk1PV8AAAAJ,zkvW8FQAAAAJ,Undirected,78832,,1,['Learning diverse rankings with multi-armed bandits']
5tk1PV8AAAAJ,uBFV6SUAAAAJ,Undirected,78833,,2,"['Evaluation methods for unsupervised word embeddings', 'Short-term satisfaction and long-term coverage: Understanding how users tolerate algorithmic exploration']"
5tk1PV8AAAAJ,6c5cf1wAAAAJ,Undirected,78834,,1,['The enigmatics of affect']
5tk1PV8AAAAJ,8Lp0W54AAAAJ,Undirected,78835,,1,['Structured learning of sum-of-submodular higher order energy functions']
kjYhZYwAAAAJ,pfBh4zEAAAAJ,Undirected,78836,,2,"['Wizard of Props: Mixed Reality Prototyping with Physical Props to Design Responsive Environments', '(Social) Trouble on the Road: Understanding and Addressing Social Discomfort in Shared Car Trips']"
kjYhZYwAAAAJ,Iiut4KYAAAAJ,Undirected,78837,,1,['Unmaking as agonism: Using participatory design with youth to surface difference in an intergenerational urban context']
uf0D-uoAAAAJ,duOys3YAAAAJ,Undirected,78838,,1,['Malevolent machine learning']
uf0D-uoAAAAJ,Dswus94AAAAJ,Undirected,78839,,1,"['David Basin, ETH Zurich']"
uf0D-uoAAAAJ,MGVrVSIAAAAJ,Undirected,78840,,16,"['Determining instances to maintain on at least one cloud responsive to an evaluation of performance characteristics', 'pASSWORD tYPOS and how to correct them securely', 'More for your money', 'Honey encryption: Encryption beyond the brute-force barrier', 'More for your money: exploiting performance heterogeneity in public clouds', 'Honey encryption: Security beyond the brute-force bound', 'A new distribution-sensitive secure sketch and popularity-proportional hashing', 'A New Distribution Sensitive Secure Sketch and a Comparison Between Approaches to Typo-Tolerant Authentication.', 'The pythia {PRF} service', 'Rethinking security in the era of cloud computing', 'A formal treatment of backdoored pseudorandom generators', 'pASSWORD tYPOS', 'Cracking-resistant password vaults using natural language encoders', 'Cross-VM side channels and their use to extract private keys', 'Cross-tenant side-channel attacks in PaaS clouds', 'Stealing machine learning models via prediction {APIs}']"
pfBh4zEAAAAJ,IeqjwlIAAAAJ,Undirected,78841,,1,['Artificial intelligence in communication impacts language and social relationships']
pfBh4zEAAAAJ,iiG9_YQAAAAJ,Undirected,78842,,1,['Rapidly Built Medical Crash Cart! Lessons Learned and Impacts on High-Stakes Team Collaboration in the Emergency Room']
K2WfIlsAAAAJ,8RVWMycAAAAJ,Undirected,78843,,1,[': Provably Optimal Distributional RL for LLM Post-Training']
K2WfIlsAAAAJ,FJ7im7AAAAAJ,Undirected,78844,,2,"['JoinGym: An Efficient Join Order Selection Environment', 'JoinGym: An Efficient Query Optimization Environment for Reinforcement Learning']"
VX7d5EQAAAAJ,zkvW8FQAAAAJ,Undirected,78845,,12,"['Delegated search approximates efficient search', 'Which networks are least susceptible to cascading failures?', 'Isomorphism and embedding problems for infinite limits of scale-free graphs.', 'Direct uncertainty prediction for medical second opinions', 'Continuous-time model of structural balance', 'Network formation in the presence of contagious risk', 'Analysis of a continuous-time model of structural balance', 'Introduction to computer science and economic theory', 'Can deep reinforcement learning solve Erdos-Selfridge-Spencer games?', 'Optimal stopping with behaviorally biased agents: The role of loss aversion and changing reference points', 'Incentivizing exploration', 'Learning Theory 2004']"
VX7d5EQAAAAJ,oJESe-cAAAAJ,Undirected,78846,,4,"['Internet collaboration on extremely difficult problems: Research versus Olympiad questions on the Polymath site', 'A New Start: Innovative Introductory AI-Centered Courses at Cornell.', 'Echoes of power: Language effects and power differences in social interaction', 'You had me at hello: How phrasing affects memorability']"
VX7d5EQAAAAJ,8RVWMycAAAAJ,Undirected,78847,,2,"['Advances in neural information processing systems', 'On fairness and calibration']"
VX7d5EQAAAAJ,HbFGylgAAAAJ,Undirected,78848,,1,['The magazine archive includes every article published in Communications of the ACM for over the past 50 years.']
VX7d5EQAAAAJ,pOd2M64AAAAJ,Undirected,78849,,2,"['Adversarial queuing theory', 'Node-disjoint paths on the mesh and a new trade-off in VLSI layout']"
VX7d5EQAAAAJ,8Lp0W54AAAAJ,Undirected,78850,,1,['A New Start: Innovative Introductory AI-Centered Courses at Cornell.']
zkvW8FQAAAAJ,0zrqo3B-66wC,Undirected,78851,,8,"['Improving Oblivious Reconfigurable Networks with High Probability.', 'Optimal oblivious reconfigurable networks', 'Shale: A practical, scalable oblivious reconfigurable network', 'Semi-Oblivious Reconfigurable Datacenter Networks', 'Poster: Scalability and congestion control in oblivious reconfigurable networks', 'Pareto Optimal Oblivious Circuit-Switched Networks', 'Extending Optimal Oblivious Reconfigurable Networks to all N', 'Breaking the vlb barrier for oblivious reconfigurable networks']"
zkvW8FQAAAAJ,pOd2M64AAAAJ,Undirected,78852,,1,"['Approximation, Randomization, and Combinatorial Optimization. Algorithms and Techniques (APPROX/RANDOM 2014)']"
gzHLTVwAAAAJ,uBFV6SUAAAAJ,Undirected,78853,,2,"['Seasonality Visualizations of Online Text', 'Automate or Assist? The Role of Computational Models in Identifying Gendered Discourse in US Capital Trial Transcripts']"
LV1qWjgAAAAJ,Dswus94AAAAJ,Undirected,78854,,2,"['Frederick W. Smith', 'Language-based security for malicious mobile code']"
LV1qWjgAAAAJ,ovlpa_IAAAAJ,Undirected,78855,,2,"['Supporting workflow in a course management system', 'Language-based security for malicious mobile code']"
LV1qWjgAAAAJ,BaArKOYAAAAJ,Undirected,78856,,1,['Information and Computation Author Index']
duOys3YAAAAJ,ESJILIEAAAAJ,Undirected,78857,,3,"['Errors in collective robotic construction', 'Nudging or waiting? automatically synthesized robot strategies for evacuating noncompliant users in an emergency situation', 'Designing a Soft, Mobile Interface for Multimodal Human-Robot Interaction']"
oJESe-cAAAAJ,uBFV6SUAAAAJ,Undirected,78858,,1,['Quantifying the visual concreteness of words and topics in multimodal datasets']
oJESe-cAAAAJ,8Lp0W54AAAAJ,Undirected,78859,,1,['A New Start: Innovative Introductory AI-Centered Courses at Cornell.']
SVIdh6AAAAAJ,6c5cf1wAAAAJ,Undirected,78860,,1,['Publication Submission Form']
Dswus94AAAAJ,ovlpa_IAAAAJ,Undirected,78861,,1,['Language-based security for malicious mobile code']
IeqjwlIAAAAJ,MGVrVSIAAAAJ,Undirected,78862,,3,"['Increasing adversarial uncertainty to scale private similarity testing', 'Towards measuring adversarial twitter interactions against candidates in the us midterm elections', 'Characterizing twitter users who engage in adversarial interactions against political candidates']"
IeqjwlIAAAAJ,8Lp0W54AAAAJ,Undirected,78863,,1,['Google Faculty Research Awards 2016']
Iiut4KYAAAAJ,6c5cf1wAAAAJ,Undirected,78864,,1,"['Making food, producing sustainability']"
pJ28HA0AAAAJ,8RVWMycAAAAJ,Undirected,78865,,1,['Understanding batch normalization']
pJ28HA0AAAAJ,HbFGylgAAAAJ,Undirected,78866,,4,"['Heavy Tails, Phase Transitions, and the Nature of Cutoff', 'Analysis of random noise and random walk algorithms for satisfiability testing', 'Analysis of random walk and random noise algorithms for satisfiability testing', 'HEAVY TAILS, PHASE TRANSITIONS, AND THE NATURE OF CUTOFF']"
6c5cf1wAAAAJ,0zrqo3B-66wC,Undirected,78867,,5,"['Seamless visions, seamful realities: anticipating rural infrastructural fragility in early design of digital agriculture', 'Seam work and simulacra of societal impact in networking research: A critical technical practice approach', 'Transdisciplinary collaborations for advancing sustainable and resilient agricultural systems', 'Paradoxes in Producing the Future of Farm Work: Anticipating Social Impact through the Lens of Early Adopters.', 'Analyzing abstraction in critical agri-food studies and computer science: toward interdisciplinary analysis of digital agriculture innovation']"
0zrqo3B-66wC,HbFGylgAAAAJ,Undirected,78868,,3,"['Towards an emergency edge supercloud', 'Vegvisir: A partition-tolerant blockchain for the internet-of-things', 'Untethered: Deployable Blockchains for IoT Environments']"
